{"cameraMode":{"drawMode":0,"name":"Shaded","section":"Shading Mode"},"sceneLighting":true,"audioPlay":false,"sceneViewState":{"showFog":true,"showMaterialUpdate":false,"showSkybox":true,"showFlares":true,"showImageEffects":true,"showParticleSystems":true},"in2DMode":false,"pivot":{"x":102.25923919677735,"y":-36.888275146484378,"z":239.952880859375},"rotation":{"x":-0.08593801409006119,"y":-0.16893482208251954,"z":0.014784634113311768,"w":-0.9817778468132019},"size":214.90028381347657,"orthographic":false}